Month,Agency,Police Force,Felony Type,Felony Count,Crimes per Million Riders
01/01/2020,MNR,MTAPD,Burglary,0,0
01/01/2020,MNR,MTAPD,Felony Assault,1,0.14
01/01/2020,MNR,MTAPD,Murder,0,0
01/01/2020,MNR,MTAPD,Rape,0,0
01/01/2020,MNR,MTAPD,Robbery,3,0.43
01/01/2020,MNR,MTAPD,Grand Larceny,4,0.58
01/01/2020,MNR,MTAPD,Grand Larceny Auto,0,0
01/01/2020,LIRR,MTAPD,Burglary,0,0
01/01/2020,LIRR,MTAPD,Felony Assault,3,0.42
01/01/2020,LIRR,MTAPD,Murder,0,0
01/01/2020,LIRR,MTAPD,Rape,0,0
01/01/2020,LIRR,MTAPD,Robbery,2,0.28
01/01/2020,LIRR,MTAPD,Grand Larceny,5,0.7
01/01/2020,LIRR,MTAPD,Grand Larceny Auto,0,0
01/01/2020,NYCT,NYPD,Burglary,0,0
01/01/2020,NYCT,NYPD,Felony Assault,33,0.18
01/01/2020,NYCT,NYPD,Murder,0,0
01/01/2020,NYCT,NYPD,Rape,1,0.01
01/01/2020,NYCT,NYPD,Robbery,75,0.41
01/01/2020,NYCT,NYPD,Grand Larceny,152,0.83
02/01/2020,MNR,MTAPD,Burglary,1,0.16
02/01/2020,MNR,MTAPD,Felony Assault,1,0.16
02/01/2020,MNR,MTAPD,Murder,0,0
02/01/2020,MNR,MTAPD,Rape,0,0
02/01/2020,MNR,MTAPD,Robbery,1,0.16
02/01/2020,MNR,MTAPD,Grand Larceny,2,0.32
02/01/2020,MNR,MTAPD,Grand Larceny Auto,0,0
02/01/2020,LIRR,MTAPD,Burglary,2,0.3
02/01/2020,LIRR,MTAPD,Felony Assault,0,0
02/01/2020,LIRR,MTAPD,Murder,0,0
02/01/2020,LIRR,MTAPD,Rape,0,0
02/01/2020,LIRR,MTAPD,Robbery,1,0.15
02/01/2020,LIRR,MTAPD,Grand Larceny,1,0.15
02/01/2020,LIRR,MTAPD,Grand Larceny Auto,0,0
02/01/2020,NYCT,NYPD,Burglary,1,0.01
02/01/2020,NYCT,NYPD,Felony Assault,43,0.25
02/01/2020,NYCT,NYPD,Murder,0,0
02/01/2020,NYCT,NYPD,Rape,1,0.01
02/01/2020,NYCT,NYPD,Robbery,76,0.44
02/01/2020,NYCT,NYPD,Grand Larceny,145,0.83
03/01/2020,MNR,MTAPD,Burglary,0,0
03/01/2020,MNR,MTAPD,Felony Assault,0,0
03/01/2020,MNR,MTAPD,Murder,0,0
03/01/2020,MNR,MTAPD,Rape,0,0
03/01/2020,MNR,MTAPD,Robbery,0,0
03/01/2020,MNR,MTAPD,Grand Larceny,3,1.07
03/01/2020,MNR,MTAPD,Grand Larceny Auto,0,0
03/01/2020,LIRR,MTAPD,Burglary,1,0.31
03/01/2020,LIRR,MTAPD,Felony Assault,1,0.31
03/01/2020,LIRR,MTAPD,Murder,0,0
03/01/2020,LIRR,MTAPD,Rape,0,0
03/01/2020,LIRR,MTAPD,Robbery,0,0
03/01/2020,LIRR,MTAPD,Grand Larceny,3,0.92
03/01/2020,LIRR,MTAPD,Grand Larceny Auto,0,0
03/01/2020,NYCT,NYPD,Burglary,2,0.02
03/01/2020,NYCT,NYPD,Felony Assault,30,0.3
03/01/2020,NYCT,NYPD,Murder,1,0.01
03/01/2020,NYCT,NYPD,Rape,0,0
03/01/2020,NYCT,NYPD,Robbery,51,0.51
03/01/2020,NYCT,NYPD,Grand Larceny,89,0.89
04/01/2020,MNR,MTAPD,Burglary,0,0
04/01/2020,MNR,MTAPD,Felony Assault,0,0
04/01/2020,MNR,MTAPD,Murder,0,0
04/01/2020,MNR,MTAPD,Rape,0,0
04/01/2020,MNR,MTAPD,Robbery,0,0
04/01/2020,MNR,MTAPD,Grand Larceny,0,0
04/01/2020,MNR,MTAPD,Grand Larceny Auto,0,0
04/01/2020,LIRR,MTAPD,Burglary,0,0
04/01/2020,LIRR,MTAPD,Felony Assault,0,0
04/01/2020,LIRR,MTAPD,Murder,0,0
04/01/2020,LIRR,MTAPD,Rape,0,0
04/01/2020,LIRR,MTAPD,Robbery,4,15.77
04/01/2020,LIRR,MTAPD,Grand Larceny,2,7.89
04/01/2020,LIRR,MTAPD,Grand Larceny Auto,0,0
04/01/2020,NYCT,NYPD,Burglary,10,0.82
04/01/2020,NYCT,NYPD,Felony Assault,21,1.73
04/01/2020,NYCT,NYPD,Murder,1,0.08
04/01/2020,NYCT,NYPD,Rape,0,0
04/01/2020,NYCT,NYPD,Robbery,44,3.62
04/01/2020,NYCT,NYPD,Grand Larceny,45,3.7
05/01/2020,MNR,MTAPD,Burglary,2,3.91
05/01/2020,MNR,MTAPD,Felony Assault,1,1.96
05/01/2020,MNR,MTAPD,Murder,0,0
05/01/2020,MNR,MTAPD,Rape,0,0
05/01/2020,MNR,MTAPD,Robbery,2,3.91
05/01/2020,MNR,MTAPD,Grand Larceny,2,3.91
05/01/2020,MNR,MTAPD,Grand Larceny Auto,0,0
05/01/2020,LIRR,MTAPD,Burglary,0,0
05/01/2020,LIRR,MTAPD,Felony Assault,0,0
05/01/2020,LIRR,MTAPD,Murder,0,0
05/01/2020,LIRR,MTAPD,Rape,0,0
05/01/2020,LIRR,MTAPD,Robbery,1,1.94
05/01/2020,LIRR,MTAPD,Grand Larceny,1,1.94
05/01/2020,LIRR,MTAPD,Grand Larceny Auto,0,0
05/01/2020,NYCT,NYPD,Burglary,0,0
05/01/2020,NYCT,NYPD,Felony Assault,19,1.22
05/01/2020,NYCT,NYPD,Murder,0,0
05/01/2020,NYCT,NYPD,Rape,0,0
05/01/2020,NYCT,NYPD,Robbery,35,2.24
05/01/2020,NYCT,NYPD,Grand Larceny,31,1.99
06/01/2020,MNR,MTAPD,Burglary,1,1.08
06/01/2020,MNR,MTAPD,Felony Assault,1,1.08
06/01/2020,MNR,MTAPD,Murder,0,0
06/01/2020,MNR,MTAPD,Rape,0,0
06/01/2020,MNR,MTAPD,Robbery,1,1.08
06/01/2020,MNR,MTAPD,Grand Larceny,4,4.33
06/01/2020,MNR,MTAPD,Grand Larceny Auto,0,0
06/01/2020,LIRR,MTAPD,Burglary,0,0
06/01/2020,LIRR,MTAPD,Felony Assault,0,0
06/01/2020,LIRR,MTAPD,Murder,0,0
06/01/2020,LIRR,MTAPD,Rape,0,0
06/01/2020,LIRR,MTAPD,Robbery,0,0
06/01/2020,LIRR,MTAPD,Grand Larceny,1,0.9
06/01/2020,LIRR,MTAPD,Grand Larceny Auto,0,0
06/01/2020,NYCT,NYPD,Burglary,3,0.12
06/01/2020,NYCT,NYPD,Felony Assault,19,0.78
06/01/2020,NYCT,NYPD,Murder,0,0
06/01/2020,NYCT,NYPD,Rape,2,0.08
06/01/2020,NYCT,NYPD,Robbery,46,1.89
06/01/2020,NYCT,NYPD,Grand Larceny,36,1.48
07/01/2020,MNR,MTAPD,Burglary,0,0
07/01/2020,MNR,MTAPD,Felony Assault,0,0
07/01/2020,MNR,MTAPD,Murder,0,0
07/01/2020,MNR,MTAPD,Rape,0,0
07/01/2020,MNR,MTAPD,Robbery,0,0
07/01/2020,MNR,MTAPD,Grand Larceny,0,0
07/01/2020,MNR,MTAPD,Grand Larceny Auto,1,0.76
07/01/2020,LIRR,MTAPD,Burglary,0,0
07/01/2020,LIRR,MTAPD,Felony Assault,0,0
07/01/2020,LIRR,MTAPD,Murder,0,0
07/01/2020,LIRR,MTAPD,Rape,0,0
07/01/2020,LIRR,MTAPD,Robbery,2,1.23
07/01/2020,LIRR,MTAPD,Grand Larceny,2,1.23
07/01/2020,LIRR,MTAPD,Grand Larceny Auto,0,0
07/01/2020,NYCT,NYPD,Burglary,3,0.09
07/01/2020,NYCT,NYPD,Felony Assault,31,0.94
07/01/2020,NYCT,NYPD,Murder,1,0.03
07/01/2020,NYCT,NYPD,Rape,0,0
07/01/2020,NYCT,NYPD,Robbery,38,1.15
07/01/2020,NYCT,NYPD,Grand Larceny,34,1.03
08/01/2020,MNR,MTAPD,Burglary,0,0
08/01/2020,MNR,MTAPD,Felony Assault,1,0.72
08/01/2020,MNR,MTAPD,Murder,0,0
08/01/2020,MNR,MTAPD,Rape,0,0
08/01/2020,MNR,MTAPD,Robbery,0,0
08/01/2020,MNR,MTAPD,Grand Larceny,0,0
08/01/2020,MNR,MTAPD,Grand Larceny Auto,0,0
08/01/2020,LIRR,MTAPD,Burglary,0,0
08/01/2020,LIRR,MTAPD,Felony Assault,1,0.57
08/01/2020,LIRR,MTAPD,Murder,0,0
08/01/2020,LIRR,MTAPD,Rape,0,0
08/01/2020,LIRR,MTAPD,Robbery,4,2.29
08/01/2020,LIRR,MTAPD,Grand Larceny,3,1.72
08/01/2020,LIRR,MTAPD,Grand Larceny Auto,0,0
08/01/2020,NYCT,NYPD,Burglary,1,0.03
08/01/2020,NYCT,NYPD,Felony Assault,29,0.8
08/01/2020,NYCT,NYPD,Murder,1,0.03
08/01/2020,NYCT,NYPD,Rape,2,0.06
08/01/2020,NYCT,NYPD,Robbery,46,1.27
08/01/2020,NYCT,NYPD,Grand Larceny,31,0.85
09/01/2020,MNR,MTAPD,Burglary,0,0
09/01/2020,MNR,MTAPD,Felony Assault,1,0.59
09/01/2020,MNR,MTAPD,Murder,0,0
09/01/2020,MNR,MTAPD,Rape,0,0
09/01/2020,MNR,MTAPD,Robbery,0,0
09/01/2020,MNR,MTAPD,Grand Larceny,4,2.35
09/01/2020,MNR,MTAPD,Grand Larceny Auto,0,0
09/01/2020,LIRR,MTAPD,Burglary,1,0.49
09/01/2020,LIRR,MTAPD,Felony Assault,3,1.47
09/01/2020,LIRR,MTAPD,Murder,0,0
09/01/2020,LIRR,MTAPD,Rape,0,0
09/01/2020,LIRR,MTAPD,Robbery,2,0.98
09/01/2020,LIRR,MTAPD,Grand Larceny,3,1.47
09/01/2020,LIRR,MTAPD,Grand Larceny Auto,0,0
09/01/2020,NYCT,NYPD,Burglary,2,0.03
09/01/2020,NYCT,NYPD,Felony Assault,22,0.33
09/01/2020,NYCT,NYPD,Murder,0,0
09/01/2020,NYCT,NYPD,Rape,0,0
09/01/2020,NYCT,NYPD,Robbery,39,0.59
09/01/2020,NYCT,NYPD,Grand Larceny,50,0.76
10/01/2020,MNR,MTAPD,Burglary,2,1.07
10/01/2020,MNR,MTAPD,Felony Assault,1,0.54
10/01/2020,MNR,MTAPD,Murder,0,0
10/01/2020,MNR,MTAPD,Rape,0,0
10/01/2020,MNR,MTAPD,Robbery,2,1.07
10/01/2020,MNR,MTAPD,Grand Larceny,5,2.68
10/01/2020,MNR,MTAPD,Grand Larceny Auto,1,0.54
10/01/2020,LIRR,MTAPD,Burglary,1,0.46
10/01/2020,LIRR,MTAPD,Felony Assault,0,0
10/01/2020,LIRR,MTAPD,Murder,0,0
10/01/2020,LIRR,MTAPD,Rape,0,0
10/01/2020,LIRR,MTAPD,Robbery,3,1.38
10/01/2020,LIRR,MTAPD,Grand Larceny,3,1.38
10/01/2020,LIRR,MTAPD,Grand Larceny Auto,0,0
10/01/2020,NYCT,NYPD,Burglary,0,0
10/01/2020,NYCT,NYPD,Felony Assault,37,0.51
10/01/2020,NYCT,NYPD,Murder,1,0.01
10/01/2020,NYCT,NYPD,Rape,0,0
10/01/2020,NYCT,NYPD,Robbery,39,0.54
10/01/2020,NYCT,NYPD,Grand Larceny,72,0.99
11/01/2020,MNR,MTAPD,Burglary,3,1.91
11/01/2020,MNR,MTAPD,Felony Assault,3,1.91
11/01/2020,MNR,MTAPD,Murder,0,0
11/01/2020,MNR,MTAPD,Rape,0,0
11/01/2020,MNR,MTAPD,Robbery,1,0.64
11/01/2020,MNR,MTAPD,Grand Larceny,4,2.55
11/01/2020,MNR,MTAPD,Grand Larceny Auto,0,0
11/01/2020,LIRR,MTAPD,Burglary,1,0.53
11/01/2020,LIRR,MTAPD,Felony Assault,0,0
11/01/2020,LIRR,MTAPD,Murder,0,0
11/01/2020,LIRR,MTAPD,Rape,0,0
11/01/2020,LIRR,MTAPD,Robbery,1,0.53
11/01/2020,LIRR,MTAPD,Grand Larceny,3,1.58
11/01/2020,LIRR,MTAPD,Grand Larceny Auto,0,0
11/01/2020,NYCT,NYPD,Burglary,1,0.02
11/01/2020,NYCT,NYPD,Felony Assault,26,0.39
11/01/2020,NYCT,NYPD,Murder,0,0
11/01/2020,NYCT,NYPD,Rape,1,0.02
11/01/2020,NYCT,NYPD,Robbery,38,0.58
11/01/2020,NYCT,NYPD,Grand Larceny,44,0.67
12/01/2020,MNR,MTAPD,Burglary,0,0
12/01/2020,MNR,MTAPD,Felony Assault,1,0.68
12/01/2020,MNR,MTAPD,Murder,0,0
12/01/2020,MNR,MTAPD,Rape,0,0
12/01/2020,MNR,MTAPD,Robbery,0,0
12/01/2020,MNR,MTAPD,Grand Larceny,2,1.36
12/01/2020,MNR,MTAPD,Grand Larceny Auto,0,0
12/01/2020,LIRR,MTAPD,Burglary,1,0.54
12/01/2020,LIRR,MTAPD,Felony Assault,2,1.08
12/01/2020,LIRR,MTAPD,Murder,0,0
12/01/2020,LIRR,MTAPD,Rape,0,0
12/01/2020,LIRR,MTAPD,Robbery,0,0
12/01/2020,LIRR,MTAPD,Grand Larceny,2,1.08
12/01/2020,LIRR,MTAPD,Grand Larceny Auto,1,0.54
12/01/2020,NYCT,NYPD,Burglary,0,0
12/01/2020,NYCT,NYPD,Felony Assault,37,0.57
12/01/2020,NYCT,NYPD,Murder,0,0
12/01/2020,NYCT,NYPD,Rape,0,0
12/01/2020,NYCT,NYPD,Robbery,40,0.61
12/01/2020,NYCT,NYPD,Grand Larceny,41,0.63
01/01/2021,MNR,MTAPD,Burglary,3,2.16
01/01/2021,MNR,MTAPD,Felony Assault,1,0.72
01/01/2021,MNR,MTAPD,Murder,0,0
01/01/2021,MNR,MTAPD,Rape,0,0
01/01/2021,MNR,MTAPD,Robbery,1,0.72
01/01/2021,MNR,MTAPD,Grand Larceny,1,0.72
01/01/2021,MNR,MTAPD,Grand Larceny Auto,1,0.72
01/01/2021,LIRR,MTAPD,Burglary,0,0
01/01/2021,LIRR,MTAPD,Felony Assault,2,1.16
01/01/2021,LIRR,MTAPD,Murder,0,0
01/01/2021,LIRR,MTAPD,Rape,0,0
01/01/2021,LIRR,MTAPD,Robbery,1,0.58
01/01/2021,LIRR,MTAPD,Grand Larceny,1,0.58
01/01/2021,LIRR,MTAPD,Grand Larceny Auto,0,0
01/01/2021,NYCT,NYPD,Burglary,2,0.03
01/01/2021,NYCT,NYPD,Felony Assault,43,0.69
01/01/2021,NYCT,NYPD,Murder,0,0
01/01/2021,NYCT,NYPD,Rape,1,0.02
01/01/2021,NYCT,NYPD,Robbery,24,0.39
01/01/2021,NYCT,NYPD,Grand Larceny,44,0.71
01/01/2021,SIR,MTAPD,Burglary,0,0
01/01/2021,SIR,MTAPD,Felony Assault,0,0
01/01/2021,SIR,MTAPD,Murder,0,0
01/01/2021,SIR,MTAPD,Rape,0,0
01/01/2021,SIR,MTAPD,Robbery,0,0
01/01/2021,SIR,MTAPD,Grand Larceny,0,0
01/01/2021,SIR,MTAPD,Grand Larceny Auto,0,0
02/01/2021,MNR,MTAPD,Burglary,0,0
02/01/2021,MNR,MTAPD,Felony Assault,1,0.77
02/01/2021,MNR,MTAPD,Murder,0,0
02/01/2021,MNR,MTAPD,Rape,0,0
02/01/2021,MNR,MTAPD,Robbery,2,1.54
02/01/2021,MNR,MTAPD,Grand Larceny,0,0
02/01/2021,MNR,MTAPD,Grand Larceny Auto,0,0
02/01/2021,LIRR,MTAPD,Burglary,0,0
02/01/2021,LIRR,MTAPD,Felony Assault,2,1.26
02/01/2021,LIRR,MTAPD,Murder,0,0
02/01/2021,LIRR,MTAPD,Rape,0,0
02/01/2021,LIRR,MTAPD,Robbery,0,0
02/01/2021,LIRR,MTAPD,Grand Larceny,0,0
02/01/2021,LIRR,MTAPD,Grand Larceny Auto,0,0
02/01/2021,NYCT,NYPD,Burglary,1,0.02
02/01/2021,NYCT,NYPD,Felony Assault,37,0.64
02/01/2021,NYCT,NYPD,Murder,2,0.03
02/01/2021,NYCT,NYPD,Rape,0,0
02/01/2021,NYCT,NYPD,Robbery,30,0.52
02/01/2021,NYCT,NYPD,Grand Larceny,34,0.59
02/01/2021,SIR,MTAPD,Burglary,0,0
02/01/2021,SIR,MTAPD,Felony Assault,0,0
02/01/2021,SIR,MTAPD,Murder,0,0
02/01/2021,SIR,MTAPD,Rape,0,0
02/01/2021,SIR,MTAPD,Robbery,0,0
02/01/2021,SIR,MTAPD,Grand Larceny,0,0
02/01/2021,SIR,MTAPD,Grand Larceny Auto,0,0
03/01/2021,MNR,MTAPD,Burglary,2,1.15
03/01/2021,MNR,MTAPD,Felony Assault,1,0.58
03/01/2021,MNR,MTAPD,Murder,0,0
03/01/2021,MNR,MTAPD,Rape,0,0
03/01/2021,MNR,MTAPD,Robbery,1,0.58
03/01/2021,MNR,MTAPD,Grand Larceny,0,0
03/01/2021,MNR,MTAPD,Grand Larceny Auto,0,0
03/01/2021,LIRR,MTAPD,Burglary,3,1.43
03/01/2021,LIRR,MTAPD,Felony Assault,1,0.48
03/01/2021,LIRR,MTAPD,Murder,0,0
03/01/2021,LIRR,MTAPD,Rape,0,0
03/01/2021,LIRR,MTAPD,Robbery,1,0.48
03/01/2021,LIRR,MTAPD,Grand Larceny,3,1.43
03/01/2021,LIRR,MTAPD,Grand Larceny Auto,0,0
03/01/2021,NYCT,NYPD,Burglary,0,0
03/01/2021,NYCT,NYPD,Felony Assault,40,0.53
03/01/2021,NYCT,NYPD,Murder,1,0.01
03/01/2021,NYCT,NYPD,Rape,1,0.01
03/01/2021,NYCT,NYPD,Robbery,35,0.46
03/01/2021,NYCT,NYPD,Grand Larceny,41,0.54
03/01/2021,SIR,MTAPD,Burglary,0,0
03/01/2021,SIR,MTAPD,Felony Assault,0,0
03/01/2021,SIR,MTAPD,Murder,0,0
03/01/2021,SIR,MTAPD,Rape,0,0
03/01/2021,SIR,MTAPD,Robbery,0,0
03/01/2021,SIR,MTAPD,Grand Larceny,0,0
03/01/2021,SIR,MTAPD,Grand Larceny Auto,0,0
04/01/2021,MNR,MTAPD,Burglary,0,0
04/01/2021,MNR,MTAPD,Felony Assault,2,1.06
04/01/2021,MNR,MTAPD,Murder,0,0
04/01/2021,MNR,MTAPD,Rape,0,0
04/01/2021,MNR,MTAPD,Robbery,0,0
04/01/2021,MNR,MTAPD,Grand Larceny,1,0.53
04/01/2021,MNR,MTAPD,Grand Larceny Auto,0,0
04/01/2021,LIRR,MTAPD,Burglary,3,1.36
04/01/2021,LIRR,MTAPD,Felony Assault,1,0.45
04/01/2021,LIRR,MTAPD,Murder,0,0
04/01/2021,LIRR,MTAPD,Rape,0,0
04/01/2021,LIRR,MTAPD,Robbery,1,0.45
04/01/2021,LIRR,MTAPD,Grand Larceny,3,1.36
04/01/2021,LIRR,MTAPD,Grand Larceny Auto,1,0.45
04/01/2021,NYCT,NYPD,Burglary,0,0
04/01/2021,NYCT,NYPD,Felony Assault,37,0.47
04/01/2021,NYCT,NYPD,Murder,1,0.01
04/01/2021,NYCT,NYPD,Rape,0,0
04/01/2021,NYCT,NYPD,Robbery,26,0.33
04/01/2021,NYCT,NYPD,Grand Larceny,47,0.6
04/01/2021,SIR,MTAPD,Burglary,0,0
04/01/2021,SIR,MTAPD,Felony Assault,0,0
04/01/2021,SIR,MTAPD,Murder,0,0
04/01/2021,SIR,MTAPD,Rape,0,0
04/01/2021,SIR,MTAPD,Robbery,0,0
04/01/2021,SIR,MTAPD,Grand Larceny,0,0
04/01/2021,SIR,MTAPD,Grand Larceny Auto,0,0
05/01/2021,MNR,MTAPD,Burglary,2,0.88
05/01/2021,MNR,MTAPD,Felony Assault,1,0.44
05/01/2021,MNR,MTAPD,Murder,0,0
05/01/2021,MNR,MTAPD,Rape,0,0
05/01/2021,MNR,MTAPD,Robbery,0,0
05/01/2021,MNR,MTAPD,Grand Larceny,2,0.88
05/01/2021,MNR,MTAPD,Grand Larceny Auto,0,0
05/01/2021,LIRR,MTAPD,Burglary,0,0
05/01/2021,LIRR,MTAPD,Felony Assault,3,1.19
05/01/2021,LIRR,MTAPD,Murder,0,0
05/01/2021,LIRR,MTAPD,Rape,0,0
05/01/2021,LIRR,MTAPD,Robbery,0,0
05/01/2021,LIRR,MTAPD,Grand Larceny,1,0.4
05/01/2021,LIRR,MTAPD,Grand Larceny Auto,0,0
05/01/2021,NYCT,NYPD,Burglary,0,0
05/01/2021,NYCT,NYPD,Felony Assault,65,0.77
05/01/2021,NYCT,NYPD,Murder,0,0
05/01/2021,NYCT,NYPD,Rape,0,0
05/01/2021,NYCT,NYPD,Robbery,51,0.6
05/01/2021,NYCT,NYPD,Grand Larceny,52,0.62
05/01/2021,SIR,MTAPD,Burglary,0,0
05/01/2021,SIR,MTAPD,Felony Assault,0,0
05/01/2021,SIR,MTAPD,Murder,0,0
05/01/2021,SIR,MTAPD,Rape,0,0
05/01/2021,SIR,MTAPD,Robbery,0,0
05/01/2021,SIR,MTAPD,Grand Larceny,0,0
05/01/2021,SIR,MTAPD,Grand Larceny Auto,0,0
06/01/2021,MNR,MTAPD,Burglary,1,0.36
06/01/2021,MNR,MTAPD,Felony Assault,0,0
06/01/2021,MNR,MTAPD,Murder,0,0
06/01/2021,MNR,MTAPD,Rape,0,0
06/01/2021,MNR,MTAPD,Robbery,0,0
06/01/2021,MNR,MTAPD,Grand Larceny,5,1.82
06/01/2021,MNR,MTAPD,Grand Larceny Auto,0,0
06/01/2021,LIRR,MTAPD,Burglary,0,0
06/01/2021,LIRR,MTAPD,Felony Assault,0,0
06/01/2021,LIRR,MTAPD,Murder,0,0
06/01/2021,LIRR,MTAPD,Rape,0,0
06/01/2021,LIRR,MTAPD,Robbery,1,0.32
06/01/2021,LIRR,MTAPD,Grand Larceny,3,0.97
06/01/2021,LIRR,MTAPD,Grand Larceny Auto,0,0
06/01/2021,NYCT,NYPD,Burglary,0,0
06/01/2021,NYCT,NYPD,Felony Assault,31,0.34
06/01/2021,NYCT,NYPD,Murder,0,0
06/01/2021,NYCT,NYPD,Rape,0,0
06/01/2021,NYCT,NYPD,Robbery,33,0.36
06/01/2021,NYCT,NYPD,Grand Larceny,47,0.51
06/01/2021,SIR,MTAPD,Burglary,0,0
06/01/2021,SIR,MTAPD,Felony Assault,0,0
06/01/2021,SIR,MTAPD,Murder,0,0
06/01/2021,SIR,MTAPD,Rape,0,0
06/01/2021,SIR,MTAPD,Robbery,0,0
06/01/2021,SIR,MTAPD,Grand Larceny,0,0
06/01/2021,SIR,MTAPD,Grand Larceny Auto,0,0
07/01/2021,MNR,MTAPD,Burglary,1,0.34
07/01/2021,MNR,MTAPD,Felony Assault,2,0.68
07/01/2021,MNR,MTAPD,Murder,0,0
07/01/2021,MNR,MTAPD,Rape,0,0
07/01/2021,MNR,MTAPD,Robbery,0,0
07/01/2021,MNR,MTAPD,Grand Larceny,5,1.7
07/01/2021,MNR,MTAPD,Grand Larceny Auto,0,0
07/01/2021,LIRR,MTAPD,Burglary,0,0
07/01/2021,LIRR,MTAPD,Felony Assault,4,1.21
07/01/2021,LIRR,MTAPD,Murder,0,0
07/01/2021,LIRR,MTAPD,Rape,0,0
07/01/2021,LIRR,MTAPD,Robbery,0,0
07/01/2021,LIRR,MTAPD,Grand Larceny,1,0.3
07/01/2021,LIRR,MTAPD,Grand Larceny Auto,0,0
07/01/2021,NYCT,NYPD,Burglary,0,0
07/01/2021,NYCT,NYPD,Felony Assault,26,0.28
07/01/2021,NYCT,NYPD,Murder,0,0
07/01/2021,NYCT,NYPD,Rape,0,0
07/01/2021,NYCT,NYPD,Robbery,39,0.42
07/01/2021,NYCT,NYPD,Grand Larceny,55,0.59
07/01/2021,SIR,MTAPD,Burglary,0,0
07/01/2021,SIR,MTAPD,Felony Assault,0,0
07/01/2021,SIR,MTAPD,Murder,0,0
07/01/2021,SIR,MTAPD,Rape,0,0
07/01/2021,SIR,MTAPD,Robbery,0,0
07/01/2021,SIR,MTAPD,Grand Larceny,0,0
07/01/2021,SIR,MTAPD,Grand Larceny Auto,0,0
08/01/2021,MNR,MTAPD,Burglary,4,1.41
08/01/2021,MNR,MTAPD,Felony Assault,1,0.35
08/01/2021,MNR,MTAPD,Murder,0,0
08/01/2021,MNR,MTAPD,Rape,0,0
08/01/2021,MNR,MTAPD,Robbery,0,0
08/01/2021,MNR,MTAPD,Grand Larceny,4,1.41
08/01/2021,MNR,MTAPD,Grand Larceny Auto,0,0
08/01/2021,LIRR,MTAPD,Burglary,0,0
08/01/2021,LIRR,MTAPD,Felony Assault,3,0.91
08/01/2021,LIRR,MTAPD,Murder,0,0
08/01/2021,LIRR,MTAPD,Rape,0,0
08/01/2021,LIRR,MTAPD,Robbery,1,0.3
08/01/2021,LIRR,MTAPD,Grand Larceny,5,1.52
08/01/2021,LIRR,MTAPD,Grand Larceny Auto,0,0
08/01/2021,NYCT,NYPD,Burglary,1,0.01
08/01/2021,NYCT,NYPD,Felony Assault,35,0.38
08/01/2021,NYCT,NYPD,Murder,0,0
08/01/2021,NYCT,NYPD,Rape,2,0.02
08/01/2021,NYCT,NYPD,Robbery,44,0.47
08/01/2021,NYCT,NYPD,Grand Larceny,64,0.69
08/01/2021,SIR,MTAPD,Burglary,0,0
08/01/2021,SIR,MTAPD,Felony Assault,0,0
08/01/2021,SIR,MTAPD,Murder,0,0
08/01/2021,SIR,MTAPD,Rape,0,0
08/01/2021,SIR,MTAPD,Robbery,0,0
08/01/2021,SIR,MTAPD,Grand Larceny,0,0
08/01/2021,SIR,MTAPD,Grand Larceny Auto,0,0
09/01/2021,MNR,MTAPD,Burglary,3,0.96
09/01/2021,MNR,MTAPD,Felony Assault,2,0.64
09/01/2021,MNR,MTAPD,Murder,0,0
09/01/2021,MNR,MTAPD,Rape,0,0
09/01/2021,MNR,MTAPD,Robbery,2,0.64
09/01/2021,MNR,MTAPD,Grand Larceny,6,1.93
09/01/2021,MNR,MTAPD,Grand Larceny Auto,0,0
09/01/2021,LIRR,MTAPD,Burglary,0,0
09/01/2021,LIRR,MTAPD,Felony Assault,1,0.28
09/01/2021,LIRR,MTAPD,Murder,0,0
09/01/2021,LIRR,MTAPD,Rape,0,0
09/01/2021,LIRR,MTAPD,Robbery,2,0.55
09/01/2021,LIRR,MTAPD,Grand Larceny,2,0.55
09/01/2021,LIRR,MTAPD,Grand Larceny Auto,0,0
09/01/2021,NYCT,NYPD,Burglary,0,0
09/01/2021,NYCT,NYPD,Felony Assault,36,0.35
09/01/2021,NYCT,NYPD,Murder,0,0
09/01/2021,NYCT,NYPD,Rape,0,0
09/01/2021,NYCT,NYPD,Robbery,52,0.51
09/01/2021,NYCT,NYPD,Grand Larceny,96,0.94
09/01/2021,SIR,MTAPD,Burglary,0,0
09/01/2021,SIR,MTAPD,Felony Assault,0,0
09/01/2021,SIR,MTAPD,Murder,0,0
09/01/2021,SIR,MTAPD,Rape,0,0
09/01/2021,SIR,MTAPD,Robbery,0,0
09/01/2021,SIR,MTAPD,Grand Larceny,0,0
09/01/2021,SIR,MTAPD,Grand Larceny Auto,0,0
10/01/2021,MNR,MTAPD,Burglary,2,0.55
10/01/2021,MNR,MTAPD,Felony Assault,1,0.28
10/01/2021,MNR,MTAPD,Murder,0,0
10/01/2021,MNR,MTAPD,Rape,0,0
10/01/2021,MNR,MTAPD,Robbery,0,0
10/01/2021,MNR,MTAPD,Grand Larceny,6,1.65
10/01/2021,MNR,MTAPD,Grand Larceny Auto,0,0
10/01/2021,LIRR,MTAPD,Burglary,2,0.51
10/01/2021,LIRR,MTAPD,Felony Assault,1,0.25
10/01/2021,LIRR,MTAPD,Murder,0,0
10/01/2021,LIRR,MTAPD,Rape,0,0
10/01/2021,LIRR,MTAPD,Robbery,0,0
10/01/2021,LIRR,MTAPD,Grand Larceny,4,1.02
10/01/2021,LIRR,MTAPD,Grand Larceny Auto,0,0
10/01/2021,NYCT,NYPD,Burglary,1,0.01
10/01/2021,NYCT,NYPD,Felony Assault,34,0.3
10/01/2021,NYCT,NYPD,Murder,0,0
10/01/2021,NYCT,NYPD,Rape,1,0.01
10/01/2021,NYCT,NYPD,Robbery,40,0.35
10/01/2021,NYCT,NYPD,Grand Larceny,85,0.74
10/01/2021,SIR,MTAPD,Burglary,1,5.97
10/01/2021,SIR,MTAPD,Felony Assault,0,0
10/01/2021,SIR,MTAPD,Murder,0,0
10/01/2021,SIR,MTAPD,Rape,0,0
10/01/2021,SIR,MTAPD,Robbery,0,0
10/01/2021,SIR,MTAPD,Grand Larceny,0,0
10/01/2021,SIR,MTAPD,Grand Larceny Auto,0,0
11/01/2021,MNR,MTAPD,Grand Larceny Auto,0,0
11/01/2021,LIRR,MTAPD,Burglary,1,0.25
11/01/2021,LIRR,MTAPD,Felony Assault,2,0.51
11/01/2021,LIRR,MTAPD,Murder,0,0
11/01/2021,LIRR,MTAPD,Rape,0,0
11/01/2021,LIRR,MTAPD,Robbery,1,0.25
11/01/2021,LIRR,MTAPD,Grand Larceny,2,0.51
11/01/2021,LIRR,MTAPD,Grand Larceny Auto,0,0
11/01/2021,NYCT,NYPD,Burglary,1,0.01
11/01/2021,NYCT,NYPD,Felony Assault,40,0.36
11/01/2021,NYCT,NYPD,Murder,1,0.01
11/01/2021,NYCT,NYPD,Rape,0,0
11/01/2021,NYCT,NYPD,Robbery,88,0.79
11/01/2021,NYCT,NYPD,Grand Larceny,103,0.93
11/01/2021,SIR,MTAPD,Burglary,0,0
11/01/2021,SIR,MTAPD,Felony Assault,0,0
11/01/2021,SIR,MTAPD,Murder,0,0
11/01/2021,SIR,MTAPD,Rape,0,0
11/01/2021,SIR,MTAPD,Robbery,0,0
11/01/2021,SIR,MTAPD,Grand Larceny,1,5.47
11/01/2021,SIR,MTAPD,Grand Larceny Auto,0,0
11/01/2021,MNR,MTAPD,Burglary,1,0.28
11/01/2021,MNR,MTAPD,Felony Assault,1,0.28
11/01/2021,MNR,MTAPD,Murder,0,0
11/01/2021,MNR,MTAPD,Rape,0,0
11/01/2021,MNR,MTAPD,Robbery,0,0
11/01/2021,MNR,MTAPD,Grand Larceny,4,1.11
12/01/2021,MNR,MTAPD,Burglary,1,0.31
12/01/2021,MNR,MTAPD,Felony Assault,1,0.31
12/01/2021,MNR,MTAPD,Murder,0,0
12/01/2021,MNR,MTAPD,Rape,0,0
12/01/2021,MNR,MTAPD,Robbery,2,0.62
12/01/2021,MNR,MTAPD,Grand Larceny,4,1.23
12/01/2021,MNR,MTAPD,Grand Larceny Auto,0,0
12/01/2021,LIRR,MTAPD,Burglary,3,0.81
12/01/2021,LIRR,MTAPD,Felony Assault,1,0.27
12/01/2021,LIRR,MTAPD,Murder,0,0
12/01/2021,LIRR,MTAPD,Rape,0,0
12/01/2021,LIRR,MTAPD,Robbery,1,0.27
12/01/2021,LIRR,MTAPD,Grand Larceny,5,1.36
12/01/2021,LIRR,MTAPD,Grand Larceny Auto,0,0
12/01/2021,NYCT,NYPD,Burglary,0,0
12/01/2021,NYCT,NYPD,Felony Assault,39,0.37
12/01/2021,NYCT,NYPD,Murder,1,0.01
12/01/2021,NYCT,NYPD,Rape,4,0.04
12/01/2021,NYCT,NYPD,Robbery,58,0.55
12/01/2021,NYCT,NYPD,Grand Larceny,92,0.87
12/01/2021,SIR,MTAPD,Burglary,0,0
12/01/2021,SIR,MTAPD,Felony Assault,0,0
12/01/2021,SIR,MTAPD,Murder,0,0
12/01/2021,SIR,MTAPD,Rape,0,0
12/01/2021,SIR,MTAPD,Robbery,0,0
12/01/2021,SIR,MTAPD,Grand Larceny,1,6.07
12/01/2021,SIR,MTAPD,Grand Larceny Auto,0,0
01/01/2022,MNR,MTAPD,Burglary,0,0
01/01/2022,MNR,MTAPD,Felony Assault,2,0.85
01/01/2022,MNR,MTAPD,Murder,0,0
01/01/2022,MNR,MTAPD,Rape,0,0
01/01/2022,MNR,MTAPD,Robbery,0,0
01/01/2022,MNR,MTAPD,Grand Larceny,3,1.27
01/01/2022,MNR,MTAPD,Grand Larceny Auto,0,0
01/01/2022,LIRR,MTAPD,Burglary,0,0
01/01/2022,LIRR,MTAPD,Felony Assault,2,0.73
01/01/2022,LIRR,MTAPD,Murder,0,0
01/01/2022,LIRR,MTAPD,Rape,0,0
01/01/2022,LIRR,MTAPD,Robbery,1,0.36
01/01/2022,LIRR,MTAPD,Grand Larceny,3,1.09
01/01/2022,LIRR,MTAPD,Grand Larceny Auto,0,0
01/01/2022,NYCT,NYPD,Burglary,1,0.01
01/01/2022,NYCT,NYPD,Felony Assault,45,0.52
01/01/2022,NYCT,NYPD,Murder,1,0.01
01/01/2022,NYCT,NYPD,Rape,1,0.01
01/01/2022,NYCT,NYPD,Robbery,57,0.66
01/01/2022,NYCT,NYPD,Grand Larceny,93,1.07
01/01/2022,SIR,MTAPD,Burglary,0,0
01/01/2022,SIR,MTAPD,Felony Assault,0,0
01/01/2022,SIR,MTAPD,Murder,0,0
01/01/2022,SIR,MTAPD,Rape,0,0
01/01/2022,SIR,MTAPD,Robbery,0,0
01/01/2022,SIR,MTAPD,Grand Larceny,0,0
01/01/2022,SIR,MTAPD,Grand Larceny Auto,0,0
02/01/2022,MNR,MTAPD,Burglary,3,1.07
02/01/2022,MNR,MTAPD,Felony Assault,1,0.36
02/01/2022,MNR,MTAPD,Murder,0,0
02/01/2022,MNR,MTAPD,Rape,0,0
02/01/2022,MNR,MTAPD,Robbery,2,0.72
02/01/2022,MNR,MTAPD,Grand Larceny,7,2.51
02/01/2022,MNR,MTAPD,Grand Larceny Auto,0,0
02/01/2022,LIRR,MTAPD,Burglary,0,0
02/01/2022,LIRR,MTAPD,Felony Assault,1,0.31
02/01/2022,LIRR,MTAPD,Murder,1,0.31
02/01/2022,LIRR,MTAPD,Rape,0,0
02/01/2022,LIRR,MTAPD,Robbery,2,0.63
02/01/2022,LIRR,MTAPD,Grand Larceny,5,1.57
02/01/2022,LIRR,MTAPD,Grand Larceny Auto,0,0
02/01/2022,NYCT,NYPD,Burglary,1,0.01
02/01/2022,NYCT,NYPD,Felony Assault,41,0.43
02/01/2022,NYCT,NYPD,Murder,0,0
02/01/2022,NYCT,NYPD,Rape,1,0.01
02/01/2022,NYCT,NYPD,Robbery,52,0.55
02/01/2022,NYCT,NYPD,Grand Larceny,87,0.92
02/01/2022,SIR,MTAPD,Burglary,0,0
02/01/2022,SIR,MTAPD,Felony Assault,0,0
02/01/2022,SIR,MTAPD,Murder,0,0
02/01/2022,SIR,MTAPD,Rape,0,0
02/01/2022,SIR,MTAPD,Robbery,0,0
02/01/2022,SIR,MTAPD,Grand Larceny,1,6.88
02/01/2022,SIR,MTAPD,Grand Larceny Auto,0,0
03/01/2022,MNR,MTAPD,Burglary,1,0.25
03/01/2022,MNR,MTAPD,Felony Assault,1,0.25
03/01/2022,MNR,MTAPD,Murder,0,0
03/01/2022,MNR,MTAPD,Rape,0,0
03/01/2022,MNR,MTAPD,Robbery,1,0.25
03/01/2022,MNR,MTAPD,Grand Larceny,5,1.26
03/01/2022,MNR,MTAPD,Grand Larceny Auto,0,0
03/01/2022,LIRR,MTAPD,Burglary,0,0
03/01/2022,LIRR,MTAPD,Felony Assault,4,0.92
03/01/2022,LIRR,MTAPD,Murder,0,0
03/01/2022,LIRR,MTAPD,Rape,0,0
03/01/2022,LIRR,MTAPD,Robbery,2,0.46
03/01/2022,LIRR,MTAPD,Grand Larceny,2,0.46
03/01/2022,LIRR,MTAPD,Grand Larceny Auto,0,0
03/01/2022,NYCT,NYPD,Burglary,0,0
03/01/2022,NYCT,NYPD,Felony Assault,62,0.53
03/01/2022,NYCT,NYPD,Murder,0,0
03/01/2022,NYCT,NYPD,Rape,1,0.01
03/01/2022,NYCT,NYPD,Robbery,42,0.36
03/01/2022,NYCT,NYPD,Grand Larceny,75,0.64
03/01/2022,SIR,MTAPD,Burglary,0,0
03/01/2022,SIR,MTAPD,Felony Assault,0,0
03/01/2022,SIR,MTAPD,Murder,0,0
03/01/2022,SIR,MTAPD,Rape,0,0
03/01/2022,SIR,MTAPD,Robbery,3,15.42
03/01/2022,SIR,MTAPD,Grand Larceny,0,0
03/01/2022,SIR,MTAPD,Grand Larceny Auto,0,0
04/01/2022,MNR,MTAPD,Burglary,0,0
04/01/2022,MNR,MTAPD,Felony Assault,6,1.52
04/01/2022,MNR,MTAPD,Murder,0,0
04/01/2022,MNR,MTAPD,Rape,0,0
04/01/2022,MNR,MTAPD,Robbery,0,0
04/01/2022,MNR,MTAPD,Grand Larceny,3,0.76
04/01/2022,MNR,MTAPD,Grand Larceny Auto,0,0
04/01/2022,LIRR,MTAPD,Burglary,1,0.24
04/01/2022,LIRR,MTAPD,Felony Assault,1,0.24
04/01/2022,LIRR,MTAPD,Murder,0,0
04/01/2022,LIRR,MTAPD,Rape,0,0
04/01/2022,LIRR,MTAPD,Robbery,1,0.24
04/01/2022,LIRR,MTAPD,Grand Larceny,6,1.44
04/01/2022,LIRR,MTAPD,Grand Larceny Auto,0,0
04/01/2022,NYCT,NYPD,Burglary,1,0.01
04/01/2022,NYCT,NYPD,Felony Assault,49,0.44
04/01/2022,NYCT,NYPD,Murder,1,0.01
04/01/2022,NYCT,NYPD,Rape,1,0.01
04/01/2022,NYCT,NYPD,Robbery,47,0.42
04/01/2022,NYCT,NYPD,Grand Larceny,77,0.68
04/01/2022,SIR,MTAPD,Burglary,0,0
04/01/2022,SIR,MTAPD,Felony Assault,0,0
04/01/2022,SIR,MTAPD,Murder,0,0
04/01/2022,SIR,MTAPD,Rape,0,0
04/01/2022,SIR,MTAPD,Robbery,0,0
04/01/2022,SIR,MTAPD,Grand Larceny,1,6.22
04/01/2022,SIR,MTAPD,Grand Larceny Auto,0,0
05/01/2022,MNR,MTAPD,Burglary,0,0
05/01/2022,MNR,MTAPD,Felony Assault,1,0.24
05/01/2022,MNR,MTAPD,Murder,0,0
05/01/2022,MNR,MTAPD,Rape,0,0
05/01/2022,MNR,MTAPD,Robbery,0,0
05/01/2022,MNR,MTAPD,Grand Larceny,4,0.97
05/01/2022,MNR,MTAPD,Grand Larceny Auto,0,0
05/01/2022,LIRR,MTAPD,Burglary,1,0.22
05/01/2022,LIRR,MTAPD,Felony Assault,5,1.12
05/01/2022,LIRR,MTAPD,Murder,0,0
05/01/2022,LIRR,MTAPD,Rape,0,0
05/01/2022,LIRR,MTAPD,Robbery,2,0.45
05/01/2022,LIRR,MTAPD,Grand Larceny,4,0.9
05/01/2022,LIRR,MTAPD,Grand Larceny Auto,0,0
05/01/2022,NYCT,NYPD,Burglary,0,0
05/01/2022,NYCT,NYPD,Felony Assault,55,0.47
05/01/2022,NYCT,NYPD,Murder,1,0.01
05/01/2022,NYCT,NYPD,Rape,1,0.01
05/01/2022,NYCT,NYPD,Robbery,54,0.46
05/01/2022,NYCT,NYPD,Grand Larceny,108,0.91
05/01/2022,SIR,MTAPD,Burglary,0,0
05/01/2022,SIR,MTAPD,Felony Assault,0,0
05/01/2022,SIR,MTAPD,Murder,0,0
05/01/2022,SIR,MTAPD,Rape,0,0
05/01/2022,SIR,MTAPD,Robbery,0,0
05/01/2022,SIR,MTAPD,Grand Larceny,0,0
05/01/2022,SIR,MTAPD,Grand Larceny Auto,0,0
06/01/2022,MNR,MTAPD,Burglary,0,0
06/01/2022,MNR,MTAPD,Felony Assault,2,0.45
06/01/2022,MNR,MTAPD,Murder,0,0
06/01/2022,MNR,MTAPD,Rape,0,0
06/01/2022,MNR,MTAPD,Robbery,1,0.22
06/01/2022,MNR,MTAPD,Grand Larceny,6,1.35
06/01/2022,MNR,MTAPD,Grand Larceny Auto,0,0
06/01/2022,LIRR,MTAPD,Burglary,2,0.41
06/01/2022,LIRR,MTAPD,Felony Assault,0,0
06/01/2022,LIRR,MTAPD,Murder,0,0
06/01/2022,LIRR,MTAPD,Rape,0,0
06/01/2022,LIRR,MTAPD,Robbery,3,0.62
06/01/2022,LIRR,MTAPD,Grand Larceny,4,0.83
06/01/2022,LIRR,MTAPD,Grand Larceny Auto,0,0
06/01/2022,NYCT,NYPD,Burglary,0,0
06/01/2022,NYCT,NYPD,Felony Assault,35,0.3
06/01/2022,NYCT,NYPD,Murder,0,0
06/01/2022,NYCT,NYPD,Rape,1,0.01
06/01/2022,NYCT,NYPD,Robbery,49,0.42
06/01/2022,NYCT,NYPD,Grand Larceny,77,0.65
06/01/2022,SIR,MTAPD,Burglary,0,0
06/01/2022,SIR,MTAPD,Felony Assault,0,0
06/01/2022,SIR,MTAPD,Murder,0,0
06/01/2022,SIR,MTAPD,Rape,0,0
06/01/2022,SIR,MTAPD,Robbery,0,0
06/01/2022,SIR,MTAPD,Grand Larceny,0,0
06/01/2022,SIR,MTAPD,Grand Larceny Auto,0,0
07/01/2022,MNR,MTAPD,Burglary,0,0
07/01/2022,MNR,MTAPD,Felony Assault,3,0.73
07/01/2022,MNR,MTAPD,Murder,0,0
07/01/2022,MNR,MTAPD,Rape,0,0
07/01/2022,MNR,MTAPD,Robbery,2,0.48
07/01/2022,MNR,MTAPD,Grand Larceny,6,1.45
07/01/2022,MNR,MTAPD,Grand Larceny Auto,0,0
07/01/2022,LIRR,MTAPD,Burglary,2,0.44
07/01/2022,LIRR,MTAPD,Felony Assault,3,0.66
07/01/2022,LIRR,MTAPD,Murder,0,0
07/01/2022,LIRR,MTAPD,Rape,0,0
07/01/2022,LIRR,MTAPD,Robbery,2,0.44
07/01/2022,LIRR,MTAPD,Grand Larceny,6,1.33
07/01/2022,LIRR,MTAPD,Grand Larceny Auto,0,0
07/01/2022,NYCT,NYPD,Burglary,0,0
07/01/2022,NYCT,NYPD,Felony Assault,39,0.36
07/01/2022,NYCT,NYPD,Murder,1,0.01
07/01/2022,NYCT,NYPD,Rape,2,0.02
07/01/2022,NYCT,NYPD,Robbery,44,0.4
07/01/2022,NYCT,NYPD,Grand Larceny,107,0.98
07/01/2022,SIR,MTAPD,Burglary,0,0
07/01/2022,SIR,MTAPD,Felony Assault,0,0
07/01/2022,SIR,MTAPD,Murder,0,0
07/01/2022,SIR,MTAPD,Rape,0,0
07/01/2022,SIR,MTAPD,Robbery,0,0
07/01/2022,SIR,MTAPD,Grand Larceny,0,0
07/01/2022,SIR,MTAPD,Grand Larceny Auto,0,0
08/01/2022,MNR,MTAPD,Burglary,1,0.23
08/01/2022,MNR,MTAPD,Felony Assault,2,0.47
08/01/2022,MNR,MTAPD,Murder,0,0
08/01/2022,MNR,MTAPD,Rape,0,0
08/01/2022,MNR,MTAPD,Robbery,2,0.47
08/01/2022,MNR,MTAPD,Grand Larceny,5,1.17
08/01/2022,MNR,MTAPD,Grand Larceny Auto,0,0
08/01/2022,LIRR,MTAPD,Burglary,1,0.21
08/01/2022,LIRR,MTAPD,Felony Assault,1,0.21
08/01/2022,LIRR,MTAPD,Murder,0,0
08/01/2022,LIRR,MTAPD,Rape,0,0
08/01/2022,LIRR,MTAPD,Robbery,1,0.21
08/01/2022,LIRR,MTAPD,Grand Larceny,8,1.68
08/01/2022,LIRR,MTAPD,Grand Larceny Auto,0,0
08/01/2022,NYCT,NYPD,Burglary,0,0
08/01/2022,NYCT,NYPD,Felony Assault,40,0.36
08/01/2022,NYCT,NYPD,Murder,0,0
08/01/2022,NYCT,NYPD,Rape,0,0
08/01/2022,NYCT,NYPD,Robbery,48,0.43
08/01/2022,NYCT,NYPD,Grand Larceny,90,0.8
08/01/2022,SIR,MTAPD,Burglary,0,0
08/01/2022,SIR,MTAPD,Felony Assault,0,0
08/01/2022,SIR,MTAPD,Murder,0,0
08/01/2022,SIR,MTAPD,Rape,0,0
08/01/2022,SIR,MTAPD,Robbery,1,6.85
08/01/2022,SIR,MTAPD,Grand Larceny,0,0
08/01/2022,SIR,MTAPD,Grand Larceny Auto,0,0
09/01/2022,MNR,MTAPD,Burglary,0,0
09/01/2022,MNR,MTAPD,Felony Assault,2,0.43
09/01/2022,MNR,MTAPD,Murder,0,0
09/01/2022,MNR,MTAPD,Rape,0,0
09/01/2022,MNR,MTAPD,Robbery,0,0
09/01/2022,MNR,MTAPD,Grand Larceny,4,0.85
09/01/2022,MNR,MTAPD,Grand Larceny Auto,1,0.21
09/01/2022,LIRR,MTAPD,Burglary,0,0
09/01/2022,LIRR,MTAPD,Felony Assault,2,0.4
09/01/2022,LIRR,MTAPD,Murder,0,0
09/01/2022,LIRR,MTAPD,Rape,0,0
09/01/2022,LIRR,MTAPD,Robbery,1,0.2
09/01/2022,LIRR,MTAPD,Grand Larceny,6,1.2
09/01/2022,LIRR,MTAPD,Grand Larceny Auto,0,0
09/01/2022,NYCT,NYPD,Burglary,1,0.01
09/01/2022,NYCT,NYPD,Felony Assault,36,0.3
09/01/2022,NYCT,NYPD,Murder,1,0.01
09/01/2022,NYCT,NYPD,Rape,1,0.01
09/01/2022,NYCT,NYPD,Robbery,54,0.44
09/01/2022,NYCT,NYPD,Grand Larceny,105,0.86
09/01/2022,SIR,MTAPD,Burglary,0,0
09/01/2022,SIR,MTAPD,Felony Assault,0,0
09/01/2022,SIR,MTAPD,Murder,0,0
09/01/2022,SIR,MTAPD,Rape,0,0
09/01/2022,SIR,MTAPD,Robbery,0,0
09/01/2022,SIR,MTAPD,Grand Larceny,0,0
09/01/2022,SIR,MTAPD,Grand Larceny Auto,0,0
10/01/2022,MNR,MTAPD,Burglary,0,0
10/01/2022,MNR,MTAPD,Felony Assault,1,0.21
10/01/2022,MNR,MTAPD,Murder,0,0
10/01/2022,MNR,MTAPD,Rape,0,0
10/01/2022,MNR,MTAPD,Robbery,3,0.62
10/01/2022,MNR,MTAPD,Grand Larceny,6,1.24
10/01/2022,MNR,MTAPD,Grand Larceny Auto,2,0.41
10/01/2022,LIRR,MTAPD,Burglary,0,0
10/01/2022,LIRR,MTAPD,Felony Assault,1,0.2
10/01/2022,LIRR,MTAPD,Murder,0,0
10/01/2022,LIRR,MTAPD,Rape,0,0
10/01/2022,LIRR,MTAPD,Robbery,1,0.2
10/01/2022,LIRR,MTAPD,Grand Larceny,8,1.62
10/01/2022,LIRR,MTAPD,Grand Larceny Auto,0,0
10/01/2022,NYCT,NYPD,Burglary,2,0.02
10/01/2022,NYCT,NYPD,Felony Assault,46,0.37
10/01/2022,NYCT,NYPD,Murder,3,0.02
10/01/2022,NYCT,NYPD,Rape,0,0
10/01/2022,NYCT,NYPD,Robbery,51,0.41
10/01/2022,NYCT,NYPD,Grand Larceny,108,0.86
10/01/2022,SIR,MTAPD,Burglary,0,0
10/01/2022,SIR,MTAPD,Felony Assault,2,10.81
10/01/2022,SIR,MTAPD,Murder,0,0
10/01/2022,SIR,MTAPD,Rape,0,0
10/01/2022,SIR,MTAPD,Robbery,0,0
10/01/2022,SIR,MTAPD,Grand Larceny,0,0
10/01/2022,SIR,MTAPD,Grand Larceny Auto,0,0
11/01/2022,MNR,MTAPD,Burglary,1,0.21
11/01/2022,MNR,MTAPD,Felony Assault,0,0
11/01/2022,MNR,MTAPD,Murder,0,0
11/01/2022,MNR,MTAPD,Rape,0,0
11/01/2022,MNR,MTAPD,Robbery,1,0.21
11/01/2022,MNR,MTAPD,Grand Larceny,11,2.36
11/01/2022,MNR,MTAPD,Grand Larceny Auto,0,0
11/01/2022,LIRR,MTAPD,Burglary,1,0.21
11/01/2022,LIRR,MTAPD,Felony Assault,1,0.21
11/01/2022,LIRR,MTAPD,Murder,0,0
11/01/2022,LIRR,MTAPD,Rape,0,0
11/01/2022,LIRR,MTAPD,Robbery,5,1.05
11/01/2022,LIRR,MTAPD,Grand Larceny,7,1.46
11/01/2022,LIRR,MTAPD,Grand Larceny Auto,0,0
11/01/2022,NYCT,NYPD,Burglary,0,0
11/01/2022,NYCT,NYPD,Felony Assault,46,0.38
11/01/2022,NYCT,NYPD,Murder,0,0
11/01/2022,NYCT,NYPD,Rape,2,0.02
11/01/2022,NYCT,NYPD,Robbery,60,0.5
11/01/2022,NYCT,NYPD,Grand Larceny,97,0.81
11/01/2022,SIR,MTAPD,Burglary,0,0
11/01/2022,SIR,MTAPD,Felony Assault,0,0
11/01/2022,SIR,MTAPD,Murder,0,0
11/01/2022,SIR,MTAPD,Rape,0,0
11/01/2022,SIR,MTAPD,Robbery,1,5.32
11/01/2022,SIR,MTAPD,Grand Larceny,0,0
11/01/2022,SIR,MTAPD,Grand Larceny Auto,0,0
12/01/2022,MNR,MTAPD,Burglary,2,0.43
12/01/2022,MNR,MTAPD,Felony Assault,1,0.22
12/01/2022,MNR,MTAPD,Murder,0,0
12/01/2022,MNR,MTAPD,Rape,0,0
12/01/2022,MNR,MTAPD,Robbery,0,0
12/01/2022,MNR,MTAPD,Grand Larceny,1,0.22
12/01/2022,MNR,MTAPD,Grand Larceny Auto,0,0
12/01/2022,LIRR,MTAPD,Burglary,0,0
12/01/2022,LIRR,MTAPD,Felony Assault,3,0.63
12/01/2022,LIRR,MTAPD,Murder,0,0
12/01/2022,LIRR,MTAPD,Rape,0,0
12/01/2022,LIRR,MTAPD,Robbery,2,0.42
12/01/2022,LIRR,MTAPD,Grand Larceny,5,1.05
12/01/2022,LIRR,MTAPD,Grand Larceny Auto,0,0
12/01/2022,NYCT,NYPD,Burglary,0,0
12/01/2022,NYCT,NYPD,Felony Assault,44,0.37
12/01/2022,NYCT,NYPD,Murder,1,0.01
12/01/2022,NYCT,NYPD,Rape,1,0.01
12/01/2022,NYCT,NYPD,Robbery,44,0.37
12/01/2022,NYCT,NYPD,Grand Larceny,108,0.9
12/01/2022,SIR,MTAPD,Burglary,0,0
12/01/2022,SIR,MTAPD,Felony Assault,0,0
12/01/2022,SIR,MTAPD,Murder,0,0
12/01/2022,SIR,MTAPD,Rape,0,0
12/01/2022,SIR,MTAPD,Robbery,0,0
12/01/2022,SIR,MTAPD,Grand Larceny,0,0
12/01/2022,SIR,MTAPD,Grand Larceny Auto,0,0
01/01/2023,MNR,MTAPD,Grand Larceny Auto,0,0
01/01/2023,LIRR,MTAPD,Burglary,1,0.22
01/01/2023,LIRR,MTAPD,Felony Assault,5,1.08
01/01/2023,LIRR,MTAPD,Murder,0,0
01/01/2023,LIRR,MTAPD,Rape,0,0
01/01/2023,LIRR,MTAPD,Robbery,4,0.86
01/01/2023,LIRR,MTAPD,Grand Larceny,7,1.51
01/01/2023,LIRR,MTAPD,Grand Larceny Auto,0,0
01/01/2023,NYCT,NYPD,Burglary,0,0
01/01/2023,NYCT,NYPD,Felony Assault,43,0.37
01/01/2023,NYCT,NYPD,Murder,1,0.01
01/01/2023,NYCT,NYPD,Rape,1,0.01
01/01/2023,NYCT,NYPD,Robbery,46,0.39
01/01/2023,NYCT,NYPD,Grand Larceny,54,0.46
01/01/2023,SIR,MTAPD,Burglary,0,0
01/01/2023,SIR,MTAPD,Felony Assault,1,5.42
01/01/2023,SIR,MTAPD,Murder,0,0
01/01/2023,SIR,MTAPD,Rape,0,0
01/01/2023,SIR,MTAPD,Robbery,0,0
01/01/2023,SIR,MTAPD,Grand Larceny,0,0
01/01/2023,SIR,MTAPD,Grand Larceny Auto,0,0
01/01/2023,MNR,MTAPD,Burglary,1,0.22
01/01/2023,MNR,MTAPD,Felony Assault,4,0.89
01/01/2023,MNR,MTAPD,Murder,0,0
01/01/2023,MNR,MTAPD,Rape,0,0
01/01/2023,MNR,MTAPD,Robbery,0,0
01/01/2023,MNR,MTAPD,Grand Larceny,7,1.56
02/01/2023,MNR,MTAPD,Burglary,0,0
02/01/2023,MNR,MTAPD,Felony Assault,0,0
02/01/2023,MNR,MTAPD,Murder,0,0
02/01/2023,MNR,MTAPD,Rape,0,0
02/01/2023,MNR,MTAPD,Robbery,1,0.25
02/01/2023,MNR,MTAPD,Grand Larceny,11,2.79
02/01/2023,MNR,MTAPD,Grand Larceny Auto,0,0
02/01/2023,LIRR,MTAPD,Burglary,2,0.47
02/01/2023,LIRR,MTAPD,Felony Assault,3,0.7
02/01/2023,LIRR,MTAPD,Murder,0,0
02/01/2023,LIRR,MTAPD,Rape,0,0
02/01/2023,LIRR,MTAPD,Robbery,0,0
02/01/2023,LIRR,MTAPD,Grand Larceny,6,1.4
02/01/2023,LIRR,MTAPD,Grand Larceny Auto,0,0
02/01/2023,NYCT,NYPD,Burglary,1,0.01
02/01/2023,NYCT,NYPD,Felony Assault,36,0.32
02/01/2023,NYCT,NYPD,Murder,0,0
02/01/2023,NYCT,NYPD,Rape,0,0
02/01/2023,NYCT,NYPD,Robbery,41,0.37
02/01/2023,NYCT,NYPD,Grand Larceny,91,0.82
02/01/2023,SIR,MTAPD,Burglary,0,0
02/01/2023,SIR,MTAPD,Felony Assault,0,0
02/01/2023,SIR,MTAPD,Murder,0,0
02/01/2023,SIR,MTAPD,Rape,0,0
02/01/2023,SIR,MTAPD,Robbery,0,0
02/01/2023,SIR,MTAPD,Grand Larceny,0,0
02/01/2023,SIR,MTAPD,Grand Larceny Auto,0,0
03/01/2023,MNR,MTAPD,Burglary,1,0.21
03/01/2023,MNR,MTAPD,Felony Assault,2,0.41
03/01/2023,MNR,MTAPD,Murder,0,0
03/01/2023,MNR,MTAPD,Rape,0,0
03/01/2023,MNR,MTAPD,Robbery,0,0
03/01/2023,MNR,MTAPD,Grand Larceny,8,1.64
03/01/2023,MNR,MTAPD,Grand Larceny Auto,0,0
03/01/2023,LIRR,MTAPD,Burglary,1,0.19
03/01/2023,LIRR,MTAPD,Felony Assault,3,0.57
03/01/2023,LIRR,MTAPD,Murder,0,0
03/01/2023,LIRR,MTAPD,Rape,0,0
03/01/2023,LIRR,MTAPD,Robbery,2,0.38
03/01/2023,LIRR,MTAPD,Grand Larceny,5,0.96
03/01/2023,LIRR,MTAPD,Grand Larceny Auto,0,0
03/01/2023,NYCT,NYPD,Burglary,3,0.02
03/01/2023,NYCT,NYPD,Felony Assault,53,0.4
03/01/2023,NYCT,NYPD,Murder,0,0
03/01/2023,NYCT,NYPD,Rape,0,0
03/01/2023,NYCT,NYPD,Robbery,53,0.4
03/01/2023,NYCT,NYPD,Grand Larceny,104,0.78
03/01/2023,SIR,MTAPD,Burglary,0,0
03/01/2023,SIR,MTAPD,Felony Assault,0,0
03/01/2023,SIR,MTAPD,Murder,0,0
03/01/2023,SIR,MTAPD,Rape,0,0
03/01/2023,SIR,MTAPD,Robbery,0,0
03/01/2023,SIR,MTAPD,Grand Larceny,0,0
03/01/2023,SIR,MTAPD,Grand Larceny Auto,0,0
04/01/2023,MNR,MTAPD,Burglary,0,0
04/01/2023,MNR,MTAPD,Felony Assault,1,0.21
04/01/2023,MNR,MTAPD,Murder,0,0
04/01/2023,MNR,MTAPD,Rape,0,0
04/01/2023,MNR,MTAPD,Robbery,3,0.63
04/01/2023,MNR,MTAPD,Grand Larceny,4,0.84
04/01/2023,MNR,MTAPD,Grand Larceny Auto,2,0.42
04/01/2023,LIRR,MTAPD,Burglary,3,0.6
04/01/2023,LIRR,MTAPD,Felony Assault,2,0.4
04/01/2023,LIRR,MTAPD,Murder,0,0
04/01/2023,LIRR,MTAPD,Rape,0,0
04/01/2023,LIRR,MTAPD,Robbery,4,0.8
04/01/2023,LIRR,MTAPD,Grand Larceny,7,1.4
04/01/2023,LIRR,MTAPD,Grand Larceny Auto,0,0
04/01/2023,NYCT,NYPD,Burglary,0,0
04/01/2023,NYCT,NYPD,Felony Assault,44,0.36
04/01/2023,NYCT,NYPD,Murder,3,0.02
04/01/2023,NYCT,NYPD,Rape,1,0.01
04/01/2023,NYCT,NYPD,Robbery,39,0.32
04/01/2023,NYCT,NYPD,Grand Larceny,80,0.65
04/01/2023,SIR,MTAPD,Burglary,0,0
04/01/2023,SIR,MTAPD,Felony Assault,1,5.81
04/01/2023,SIR,MTAPD,Murder,0,0
04/01/2023,SIR,MTAPD,Rape,0,0
04/01/2023,SIR,MTAPD,Robbery,0,0
04/01/2023,SIR,MTAPD,Grand Larceny,0,0
04/01/2023,SIR,MTAPD,Grand Larceny Auto,0,0
05/01/2023,MNR,MTAPD,Burglary,0,0
05/01/2023,MNR,MTAPD,Felony Assault,2,0.37
05/01/2023,MNR,MTAPD,Murder,0,0
05/01/2023,MNR,MTAPD,Rape,0,0
05/01/2023,MNR,MTAPD,Robbery,0,0
05/01/2023,MNR,MTAPD,Grand Larceny,5,0.93
05/01/2023,MNR,MTAPD,Grand Larceny Auto,2,0.37
05/01/2023,LIRR,MTAPD,Burglary,3,0.53
05/01/2023,LIRR,MTAPD,Felony Assault,6,1.06
05/01/2023,LIRR,MTAPD,Murder,0,0
05/01/2023,LIRR,MTAPD,Rape,1,0.18
05/01/2023,LIRR,MTAPD,Robbery,2,0.35
05/01/2023,LIRR,MTAPD,Grand Larceny,5,0.89
05/01/2023,LIRR,MTAPD,Grand Larceny Auto,0,0
05/01/2023,NYCT,NYPD,Burglary,1,0.01
05/01/2023,NYCT,NYPD,Felony Assault,57,0.42
05/01/2023,NYCT,NYPD,Murder,2,0.01
05/01/2023,NYCT,NYPD,Rape,1,0.01
05/01/2023,NYCT,NYPD,Robbery,38,0.28
05/01/2023,NYCT,NYPD,Grand Larceny,94,0.69
05/01/2023,SIR,MTAPD,Burglary,0,0
05/01/2023,SIR,MTAPD,Felony Assault,1,4.77
05/01/2023,SIR,MTAPD,Murder,0,0
05/01/2023,SIR,MTAPD,Rape,0,0
05/01/2023,SIR,MTAPD,Robbery,1,4.77
05/01/2023,SIR,MTAPD,Grand Larceny,0,0
05/01/2023,SIR,MTAPD,Grand Larceny Auto,0,0
06/01/2023,MNR,MTAPD,Burglary,1,0.19
06/01/2023,MNR,MTAPD,Felony Assault,3,0.57
06/01/2023,MNR,MTAPD,Murder,0,0
06/01/2023,MNR,MTAPD,Rape,0,0
06/01/2023,MNR,MTAPD,Robbery,0,0
06/01/2023,MNR,MTAPD,Grand Larceny,5,0.95
06/01/2023,MNR,MTAPD,Grand Larceny Auto,2,0.38
06/01/2023,LIRR,MTAPD,Burglary,0,0
06/01/2023,LIRR,MTAPD,Felony Assault,3,0.52
06/01/2023,LIRR,MTAPD,Murder,0,0
06/01/2023,LIRR,MTAPD,Rape,0,0
06/01/2023,LIRR,MTAPD,Robbery,0,0
06/01/2023,LIRR,MTAPD,Grand Larceny,10,1.73
06/01/2023,LIRR,MTAPD,Grand Larceny Auto,0,0
06/01/2023,NYCT,NYPD,Burglary,0,0
06/01/2023,NYCT,NYPD,Felony Assault,54,0.43
06/01/2023,NYCT,NYPD,Murder,1,0.01
06/01/2023,NYCT,NYPD,Rape,1,0.01
06/01/2023,NYCT,NYPD,Robbery,40,0.32
06/01/2023,NYCT,NYPD,Grand Larceny,99,0.78
06/01/2023,SIR,MTAPD,Burglary,0,0
06/01/2023,SIR,MTAPD,Felony Assault,0,0
06/01/2023,SIR,MTAPD,Murder,0,0
06/01/2023,SIR,MTAPD,Rape,0,0
06/01/2023,SIR,MTAPD,Robbery,0,0
06/01/2023,SIR,MTAPD,Grand Larceny,0,0
06/01/2023,SIR,MTAPD,Grand Larceny Auto,0,0
07/01/2023,MNR,MTAPD,Burglary,2,0.4
07/01/2023,MNR,MTAPD,Felony Assault,4,0.81
07/01/2023,MNR,MTAPD,Murder,0,0
07/01/2023,MNR,MTAPD,Rape,0,0
07/01/2023,MNR,MTAPD,Robbery,2,0.4
07/01/2023,MNR,MTAPD,Grand Larceny,5,1.01
07/01/2023,MNR,MTAPD,Grand Larceny Auto,2,0.4
07/01/2023,LIRR,MTAPD,Burglary,0,0
07/01/2023,LIRR,MTAPD,Felony Assault,2,0.36
07/01/2023,LIRR,MTAPD,Murder,0,0
07/01/2023,LIRR,MTAPD,Rape,0,0
07/01/2023,LIRR,MTAPD,Robbery,1,0.18
07/01/2023,LIRR,MTAPD,Grand Larceny,3,0.54
07/01/2023,LIRR,MTAPD,Grand Larceny Auto,0,0
07/01/2023,NYCT,NYPD,Burglary,2,0.02
07/01/2023,NYCT,NYPD,Felony Assault,40,0.34
07/01/2023,NYCT,NYPD,Murder,0,0
07/01/2023,NYCT,NYPD,Rape,0,0
07/01/2023,NYCT,NYPD,Robbery,42,0.35
07/01/2023,NYCT,NYPD,Grand Larceny,88,0.74
07/01/2023,SIR,MTAPD,Burglary,0,0
07/01/2023,SIR,MTAPD,Felony Assault,0,0
07/01/2023,SIR,MTAPD,Murder,0,0
07/01/2023,SIR,MTAPD,Rape,0,0
07/01/2023,SIR,MTAPD,Robbery,0,0
07/01/2023,SIR,MTAPD,Grand Larceny,0,0
07/01/2023,SIR,MTAPD,Grand Larceny Auto,0,0
08/01/2023,MNR,MTAPD,Burglary,1,0.2
08/01/2023,MNR,MTAPD,Felony Assault,1,0.2
08/01/2023,MNR,MTAPD,Murder,0,0
08/01/2023,MNR,MTAPD,Rape,0,0
08/01/2023,MNR,MTAPD,Robbery,2,0.39
08/01/2023,MNR,MTAPD,Grand Larceny,7,1.37
08/01/2023,MNR,MTAPD,Grand Larceny Auto,1,0.2
08/01/2023,LIRR,MTAPD,Burglary,0,0
08/01/2023,LIRR,MTAPD,Felony Assault,4,0.68
08/01/2023,LIRR,MTAPD,Murder,0,0
08/01/2023,LIRR,MTAPD,Rape,0,0
08/01/2023,LIRR,MTAPD,Robbery,1,0.17
08/01/2023,LIRR,MTAPD,Grand Larceny,7,1.2
08/01/2023,LIRR,MTAPD,Grand Larceny Auto,0,0
08/01/2023,NYCT,NYPD,Burglary,1,0.01
08/01/2023,NYCT,NYPD,Felony Assault,42,0.34
08/01/2023,NYCT,NYPD,Murder,0,0
08/01/2023,NYCT,NYPD,Rape,0,0
08/01/2023,NYCT,NYPD,Robbery,47,0.38
08/01/2023,NYCT,NYPD,Grand Larceny,80,0.65
08/01/2023,SIR,MTAPD,Burglary,0,0
08/01/2023,SIR,MTAPD,Felony Assault,0,0
08/01/2023,SIR,MTAPD,Murder,0,0
08/01/2023,SIR,MTAPD,Rape,0,0
08/01/2023,SIR,MTAPD,Robbery,1,5.93
08/01/2023,SIR,MTAPD,Grand Larceny,1,5.93
08/01/2023,SIR,MTAPD,Grand Larceny Auto,0,0
09/01/2023,MNR,MTAPD,Burglary,0,0
09/01/2023,MNR,MTAPD,Felony Assault,5,1
09/01/2023,MNR,MTAPD,Murder,0,0
09/01/2023,MNR,MTAPD,Rape,0,0
09/01/2023,MNR,MTAPD,Robbery,0,0
09/01/2023,MNR,MTAPD,Grand Larceny,3,0.6
09/01/2023,MNR,MTAPD,Grand Larceny Auto,0,0
09/01/2023,LIRR,MTAPD,Burglary,1,0.18
09/01/2023,LIRR,MTAPD,Felony Assault,6,1.08
09/01/2023,LIRR,MTAPD,Murder,0,0
09/01/2023,LIRR,MTAPD,Rape,0,0
09/01/2023,LIRR,MTAPD,Robbery,3,0.54
09/01/2023,LIRR,MTAPD,Grand Larceny,9,1.62
09/01/2023,LIRR,MTAPD,Grand Larceny Auto,0,0
09/01/2023,NYCT,NYPD,Burglary,0,0
09/01/2023,NYCT,NYPD,Felony Assault,45,0.37
09/01/2023,NYCT,NYPD,Murder,0,0
09/01/2023,NYCT,NYPD,Rape,0,0
09/01/2023,NYCT,NYPD,Robbery,38,0.31
09/01/2023,NYCT,NYPD,Grand Larceny,92,0.75
09/01/2023,SIR,MTAPD,Burglary,0,0
09/01/2023,SIR,MTAPD,Felony Assault,0,0
09/01/2023,SIR,MTAPD,Murder,0,0
09/01/2023,SIR,MTAPD,Rape,0,0
09/01/2023,SIR,MTAPD,Robbery,0,0
09/01/2023,SIR,MTAPD,Grand Larceny,0,0
09/01/2023,SIR,MTAPD,Grand Larceny Auto,0,0
10/01/2023,MNR,MTAPD,Burglary,3,0.53
10/01/2023,MNR,MTAPD,Felony Assault,4,0.71
10/01/2023,MNR,MTAPD,Murder,0,0
10/01/2023,MNR,MTAPD,Rape,0,0
10/01/2023,MNR,MTAPD,Robbery,1,0.18
10/01/2023,MNR,MTAPD,Grand Larceny,8,1.42
10/01/2023,MNR,MTAPD,Grand Larceny Auto,1,0.18
10/01/2023,LIRR,MTAPD,Burglary,2,0.33
10/01/2023,LIRR,MTAPD,Felony Assault,2,0.33
10/01/2023,LIRR,MTAPD,Murder,0,0
10/01/2023,LIRR,MTAPD,Rape,0,0
10/01/2023,LIRR,MTAPD,Robbery,2,0.33
10/01/2023,LIRR,MTAPD,Grand Larceny,6,0.99
10/01/2023,LIRR,MTAPD,Grand Larceny Auto,0,0
10/01/2023,NYCT,NYPD,Burglary,2,0.02
10/01/2023,NYCT,NYPD,Felony Assault,54,0.41
10/01/2023,NYCT,NYPD,Murder,0,0
10/01/2023,NYCT,NYPD,Rape,0,0
10/01/2023,NYCT,NYPD,Robbery,45,0.34
10/01/2023,NYCT,NYPD,Grand Larceny,122,0.92
10/01/2023,SIR,MTAPD,Burglary,0,0
10/01/2023,SIR,MTAPD,Felony Assault,1,4.63
10/01/2023,SIR,MTAPD,Murder,0,0
10/01/2023,SIR,MTAPD,Rape,0,0
10/01/2023,SIR,MTAPD,Robbery,1,4.63
10/01/2023,SIR,MTAPD,Grand Larceny,0,0
10/01/2023,SIR,MTAPD,Grand Larceny Auto,0,0
11/01/2023,MNR,MTAPD,Burglary,0,0
11/01/2023,MNR,MTAPD,Felony Assault,1,0.18
11/01/2023,MNR,MTAPD,Murder,0,0
11/01/2023,MNR,MTAPD,Rape,0,0
11/01/2023,MNR,MTAPD,Robbery,3,0.55
11/01/2023,MNR,MTAPD,Grand Larceny,2,0.37
11/01/2023,MNR,MTAPD,Grand Larceny Auto,0,0
11/01/2023,LIRR,MTAPD,Burglary,1,0.17
11/01/2023,LIRR,MTAPD,Felony Assault,4,0.68
11/01/2023,LIRR,MTAPD,Murder,0,0
11/01/2023,LIRR,MTAPD,Rape,0,0
11/01/2023,LIRR,MTAPD,Robbery,3,0.51
11/01/2023,LIRR,MTAPD,Grand Larceny,7,1.2
11/01/2023,LIRR,MTAPD,Grand Larceny Auto,1,0.17
11/01/2023,NYCT,NYPD,Burglary,1,0.01
11/01/2023,NYCT,NYPD,Felony Assault,52,0.42
11/01/2023,NYCT,NYPD,Murder,0,0
11/01/2023,NYCT,NYPD,Rape,0,0
11/01/2023,NYCT,NYPD,Robbery,60,0.48
11/01/2023,NYCT,NYPD,Grand Larceny,115,0.92
11/01/2023,SIR,MTAPD,Burglary,0,0
11/01/2023,SIR,MTAPD,Felony Assault,3,14.91
11/01/2023,SIR,MTAPD,Murder,0,0
11/01/2023,SIR,MTAPD,Rape,0,0
11/01/2023,SIR,MTAPD,Robbery,1,4.97
11/01/2023,SIR,MTAPD,Grand Larceny,0,0
11/01/2023,SIR,MTAPD,Grand Larceny Auto,0,0
12/01/2023,MNR,MTAPD,Burglary,1,0.19
12/01/2023,MNR,MTAPD,Felony Assault,6,1.12
12/01/2023,MNR,MTAPD,Murder,0,0
12/01/2023,MNR,MTAPD,Rape,0,0
12/01/2023,MNR,MTAPD,Robbery,1,0.19
12/01/2023,MNR,MTAPD,Grand Larceny,7,1.31
12/01/2023,MNR,MTAPD,Grand Larceny Auto,0,0
12/01/2023,LIRR,MTAPD,Burglary,2,0.34
12/01/2023,LIRR,MTAPD,Felony Assault,5,0.86
12/01/2023,LIRR,MTAPD,Murder,0,0
12/01/2023,LIRR,MTAPD,Rape,0,0
12/01/2023,LIRR,MTAPD,Robbery,2,0.34
12/01/2023,LIRR,MTAPD,Grand Larceny,6,1.03
12/01/2023,LIRR,MTAPD,Grand Larceny Auto,0,0
12/01/2023,NYCT,NYPD,Burglary,2,0.02
12/01/2023,NYCT,NYPD,Felony Assault,37,0.31
12/01/2023,NYCT,NYPD,Murder,0,0
12/01/2023,NYCT,NYPD,Rape,1,0.01
12/01/2023,NYCT,NYPD,Robbery,42,0.35
12/01/2023,NYCT,NYPD,Grand Larceny,109,0.91
12/01/2023,SIR,MTAPD,Burglary,0,0
12/01/2023,SIR,MTAPD,Felony Assault,0,0
12/01/2023,SIR,MTAPD,Murder,0,0
12/01/2023,SIR,MTAPD,Rape,0,0
12/01/2023,SIR,MTAPD,Robbery,0,0
12/01/2023,SIR,MTAPD,Grand Larceny,0,0
12/01/2023,SIR,MTAPD,Grand Larceny Auto,0,0
01/01/2024,MNR,MTAPD,Burglary,0,0
01/01/2024,MNR,MTAPD,Felony Assault,6,1.2
01/01/2024,MNR,MTAPD,Murder,0,0
01/01/2024,MNR,MTAPD,Rape,0,0
01/01/2024,MNR,MTAPD,Robbery,1,0.2
01/01/2024,MNR,MTAPD,Grand Larceny,7,1.4
01/01/2024,MNR,MTAPD,Grand Larceny Auto,0,0
01/01/2024,LIRR,MTAPD,Burglary,1,0.18
01/01/2024,LIRR,MTAPD,Felony Assault,6,1.09
01/01/2024,LIRR,MTAPD,Murder,0,0
01/01/2024,LIRR,MTAPD,Rape,0,0
01/01/2024,LIRR,MTAPD,Robbery,2,0.36
01/01/2024,LIRR,MTAPD,Grand Larceny,6,1.09
01/01/2024,LIRR,MTAPD,Grand Larceny Auto,1,0.18
01/01/2024,NYCT,NYPD,Burglary,2,0.02
01/01/2024,NYCT,NYPD,Felony Assault,55,0.47
01/01/2024,NYCT,NYPD,Murder,1,0.01
01/01/2024,NYCT,NYPD,Rape,0,0
01/01/2024,NYCT,NYPD,Robbery,52,0.45
01/01/2024,NYCT,NYPD,Grand Larceny,113,0.97
01/01/2024,SIR,MTAPD,Burglary,0,0
01/01/2024,SIR,MTAPD,Felony Assault,0,0
01/01/2024,SIR,MTAPD,Murder,0,0
01/01/2024,SIR,MTAPD,Rape,0,0
01/01/2024,SIR,MTAPD,Robbery,1,5.26
01/01/2024,SIR,MTAPD,Grand Larceny,0,0
01/01/2024,SIR,MTAPD,Grand Larceny Auto,0,0
02/01/2024,MNR,MTAPD,Burglary,0,0
02/01/2024,MNR,MTAPD,Felony Assault,3,0.64
02/01/2024,MNR,MTAPD,Murder,0,0
02/01/2024,MNR,MTAPD,Rape,0,0
02/01/2024,MNR,MTAPD,Robbery,2,0.42
02/01/2024,MNR,MTAPD,Grand Larceny,8,1.7
02/01/2024,MNR,MTAPD,Grand Larceny Auto,0,0
02/01/2024,LIRR,MTAPD,Burglary,2,0.38
02/01/2024,LIRR,MTAPD,Felony Assault,3,0.56
02/01/2024,LIRR,MTAPD,Murder,0,0
02/01/2024,LIRR,MTAPD,Rape,0,0
02/01/2024,LIRR,MTAPD,Robbery,1,0.19
02/01/2024,LIRR,MTAPD,Grand Larceny,7,1.31
02/01/2024,LIRR,MTAPD,Grand Larceny Auto,0,0
02/01/2024,NYCT,NYPD,Burglary,2,0.02
02/01/2024,NYCT,NYPD,Felony Assault,35,0.3
02/01/2024,NYCT,NYPD,Murder,2,0.02
02/01/2024,NYCT,NYPD,Rape,1,0.01
02/01/2024,NYCT,NYPD,Robbery,38,0.33
02/01/2024,NYCT,NYPD,Grand Larceny,70,0.61
02/01/2024,SIR,MTAPD,Burglary,0,0
02/01/2024,SIR,MTAPD,Felony Assault,0,0
02/01/2024,SIR,MTAPD,Murder,0,0
02/01/2024,SIR,MTAPD,Rape,0,0
02/01/2024,SIR,MTAPD,Robbery,1,5.67
02/01/2024,SIR,MTAPD,Grand Larceny,1,5.67
02/01/2024,SIR,MTAPD,Grand Larceny Auto,0,0
03/01/2024,MNR,MTAPD,Burglary,0,
03/01/2024,MNR,MTAPD,Felony Assault,8,
03/01/2024,MNR,MTAPD,Murder,0,
03/01/2024,MNR,MTAPD,Rape,0,
03/01/2024,MNR,MTAPD,Robbery,3,
03/01/2024,MNR,MTAPD,Grand Larceny,6,
03/01/2024,MNR,MTAPD,Grand Larceny Auto,0,
03/01/2024,LIRR,MTAPD,Burglary,1,
03/01/2024,LIRR,MTAPD,Felony Assault,7,
03/01/2024,LIRR,MTAPD,Murder,0,
03/01/2024,LIRR,MTAPD,Rape,0,
03/01/2024,LIRR,MTAPD,Robbery,1,
03/01/2024,LIRR,MTAPD,Grand Larceny,1,
03/01/2024,LIRR,MTAPD,Grand Larceny Auto,1,
03/01/2024,NYCT,NYPD,Burglary,0,
03/01/2024,NYCT,NYPD,Felony Assault,49,
03/01/2024,NYCT,NYPD,Murder,1,
03/01/2024,NYCT,NYPD,Rape,1,
03/01/2024,NYCT,NYPD,Robbery,26,
03/01/2024,NYCT,NYPD,Grand Larceny,89,
03/01/2024,SIR,MTAPD,Burglary,0,
03/01/2024,SIR,MTAPD,Felony Assault,2,
03/01/2024,SIR,MTAPD,Murder,0,
03/01/2024,SIR,MTAPD,Rape,0,
03/01/2024,SIR,MTAPD,Robbery,0,
03/01/2024,SIR,MTAPD,Grand Larceny,0,
03/01/2024,SIR,MTAPD,Grand Larceny Auto,0,
04/01/2024,MNR,MTAPD,Burglary,3,
04/01/2024,MNR,MTAPD,Felony Assault,6,
04/01/2024,MNR,MTAPD,Murder,0,
04/01/2024,MNR,MTAPD,Rape,0,
04/01/2024,MNR,MTAPD,Robbery,0,
04/01/2024,MNR,MTAPD,Grand Larceny,5,
04/01/2024,MNR,MTAPD,Grand Larceny Auto,0,
04/01/2024,LIRR,MTAPD,Burglary,0,
04/01/2024,LIRR,MTAPD,Felony Assault,5,
04/01/2024,LIRR,MTAPD,Murder,0,
04/01/2024,LIRR,MTAPD,Rape,0,
04/01/2024,LIRR,MTAPD,Robbery,2,
04/01/2024,LIRR,MTAPD,Grand Larceny,5,
04/01/2024,LIRR,MTAPD,Grand Larceny Auto,1,
04/01/2024,NYCT,NYPD,Burglary,1,
04/01/2024,NYCT,NYPD,Felony Assault,28,
04/01/2024,NYCT,NYPD,Murder,0,
04/01/2024,NYCT,NYPD,Rape,0,
04/01/2024,NYCT,NYPD,Robbery,21,
04/01/2024,NYCT,NYPD,Grand Larceny,84,
04/01/2024,NYCT,NYPD,Grand Larceny Auto,0,
04/01/2024,SIR,MTAPD,Burglary,0,
04/01/2024,SIR,MTAPD,Felony Assault,2,
04/01/2024,SIR,MTAPD,Murder,0,
04/01/2024,SIR,MTAPD,Rape,0,
04/01/2024,SIR,MTAPD,Robbery,0,
04/01/2024,SIR,MTAPD,Grand Larceny,1,
04/01/2024,SIR,MTAPD,Grand Larceny Auto,0,
05/01/2024,MNR,MTAPD,Burglary,4,
05/01/2024,MNR,MTAPD,Felony Assault,3,
05/01/2024,MNR,MTAPD,Murder,0,
05/01/2024,MNR,MTAPD,Rape,0,
05/01/2024,MNR,MTAPD,Robbery,1,
05/01/2024,MNR,MTAPD,Grand Larceny,9,
05/01/2024,MNR,MTAPD,Grand Larceny Auto,0,
05/01/2024,LIRR,MTAPD,Burglary,5,
05/01/2024,LIRR,MTAPD,Felony Assault,6,
05/01/2024,LIRR,MTAPD,Murder,0,
05/01/2024,LIRR,MTAPD,Rape,0,
05/01/2024,LIRR,MTAPD,Robbery,1,
05/01/2024,LIRR,MTAPD,Grand Larceny,5,
05/01/2024,LIRR,MTAPD,Grand Larceny Auto,1,
05/01/2024,NYCT,NYPD,Burglary,1,
05/01/2024,NYCT,NYPD,Felony Assault,41,
05/01/2024,NYCT,NYPD,Murder,0,
05/01/2024,NYCT,NYPD,Rape,0,
05/01/2024,NYCT,NYPD,Robbery,41,
05/01/2024,NYCT,NYPD,Grand Larceny,95,
05/01/2024,NYCT,NYPD,Grand Larceny Auto,0,